
[
  {"title": "Everything Everywhere All at Once", "year": 2022},
  {"title": "Top Gun: Maverick", "year": 2022},
  {"title": "The Batman", "year": 2022},
  {"title": "Dune", "year": 2021},
  {"title": "Spider-Man: No Way Home", "year": 2021},
  {"title": "No Time to Die", "year": 2021},
  {"title": "The Power of the Dog", "year": 2021},
  {"title": "Drive My Car", "year": 2021},
  {"title": "Licorice Pizza", "year": 2021},
  {"title": "West Side Story", "year": 2021},
  {"title": "Parasite", "year": 2019},
  {"title": "Avengers: Endgame", "year": 2019},
  {"title": "Once Upon a Time in Hollywood", "year": 2019},
  {"title": "1917", "year": 2019},
  {"title": "Joker", "year": 2019},

  {"title": "Avengers: Infinity War", "year": 2018},
  {"title": "Black Panther", "year": 2018},
  {"title": "A Star Is Born", "year": 2018},
  {"title": "Bohemian Rhapsody", "year": 2018},
  {"title": "Green Book", "year": 2018},
  {"title": "The Shape of Water", "year": 2017},
  {"title": "Three Billboards Outside Ebbing, Missouri", "year": 2017},
  {"title": "Get Out", "year": 2017},
  {"title": "Dunkirk", "year": 2017},
  {"title": "Call Me by Your Name", "year": 2017},
  {"title": "La La Land", "year": 2016},
  {"title": "Moonlight", "year": 2016},
  {"title": "Manchester by the Sea", "year": 2016},
  {"title": "Arrival", "year": 2016},
  {"title": "Hell or High Water", "year": 2016},

  {"title": "Mad Max: Fury Road", "year": 2015},
  {"title": "The Revenant", "year": 2015},
  {"title": "Spotlight", "year": 2015},
  {"title": "The Big Short", "year": 2015},
  {"title": "Ex Machina", "year": 2014},
  {"title": "Birdman", "year": 2014},
  {"title": "Whiplash", "year": 2014},
  {"title": "The Grand Budapest Hotel", "year": 2014},
  {"title": "Boyhood", "year": 2014},
  {"title": "12 Years a Slave", "year": 2013},
  {"title": "Gravity", "year": 2013},
  {"title": "Her", "year": 2013},
  {"title": "Dallas Buyers Club", "year": 2013},
  {"title": "Captain Phillips", "year": 2013},
  {"title": "The Artist", "year": 2011},

  {"title": "Inception", "year": 2010},
  {"title": "The Social Network", "year": 2010},
  {"title": "Black Swan", "year": 2010},
  {"title": "The King's Speech", "year": 2010},
  {"title": "Toy Story 3", "year": 2010},
  {"title": "Django Unchained", "year": 2012},
  {"title": "Life of Pi", "year": 2012},
  {"title": "Argo", "year": 2012},
  {"title": "Zero Dark Thirty", "year": 2012},
  {"title": "Silver Linings Playbook", "year": 2012},
  {"title": "The Hurt Locker", "year": 2008},
  {"title": "Slumdog Millionaire", "year": 2008},
  {"title": "The Dark Knight", "year": 2008},
  {"title": "WALL-E", "year": 2008},
  {"title": "Gran Torino", "year": 2008},

  {"title": "There Will Be Blood", "year": 2007},
  {"title": "No Country for Old Men", "year": 2007},
  {"title": "Juno", "year": 2007},
  {"title": "Atonement", "year": 2007},
  {"title": "Michael Clayton", "year": 2007},
  {"title": "The Departed", "year": 2006},
  {"title": "Little Miss Sunshine", "year": 2006},
  {"title": "Babel", "year": 2006},
  {"title": "Pan's Labyrinth", "year": 2006},
  {"title": "The Queen", "year": 2006},
  {"title": "Crash", "year": 2004},
  {"title": "Million Dollar Baby", "year": 2004},
  {"title": "Sideways", "year": 2004},
  {"title": "Eternal Sunshine of the Spotless Mind", "year": 2004},
  {"title": "Finding Nemo", "year": 2003},

  {"title": "The Lord of the Rings: The Return of the King", "year": 2003},
  {"title": "Lost in Translation", "year": 2003},
  {"title": "Mystic River", "year": 2003},
  {"title": "Chicago", "year": 2002},
  {"title": "The Lord of the Rings: The Two Towers", "year": 2002},
  {"title": "Adaptation", "year": 2002},
  {"title": "The Pianist", "year": 2002},
  {"title": "Catch Me If You Can", "year": 2002},
  {"title": "A Beautiful Mind", "year": 2001},
  {"title": "The Lord of the Rings: The Fellowship of the Ring", "year": 2001},
  {"title": "Mulholland Drive", "year": 2001},
  {"title": "Shrek", "year": 2001},
  {"title": "Memento", "year": 2000},
  {"title": "Gladiator", "year": 2000},
  {"title": "Traffic", "year": 2000},

  {"title": "American Beauty", "year": 1999},
  {"title": "The Matrix", "year": 1999},
  {"title": "The Sixth Sense", "year": 1999},
  {"title": "Fight Club", "year": 1999},
  {"title": "Being John Malkovich", "year": 1999},
  {"title": "Shakespeare in Love", "year": 1998},
  {"title": "Saving Private Ryan", "year": 1998},
  {"title": "The Truman Show", "year": 1998},
  {"title": "Life Is Beautiful", "year": 1997},
  {"title": "Good Will Hunting", "year": 1997},
  {"title": "L.A. Confidential", "year": 1997},
  {"title": "Titanic", "year": 1997},
  {"title": "The English Patient", "year": 1996},
  {"title": "Fargo", "year": 1996},
  {"title": "Jerry Maguire", "year": 1996},

  {"title": "Braveheart", "year": 1995},
  {"title": "Se7en", "year": 1995},
  {"title": "The Usual Suspects", "year": 1995},
  {"title": "Toy Story", "year": 1995},
  {"title": "Apollo 13", "year": 1995},
  {"title": "Forrest Gump", "year": 1994},
  {"title": "Pulp Fiction", "year": 1994},
  {"title": "The Lion King", "year": 1994},
  {"title": "The Shawshank Redemption", "year": 1994},
  {"title": "Interview with the Vampire", "year": 1994},
  {"title": "Schindler's List", "year": 1993},
  {"title": "Jurassic Park", "year": 1993},
  {"title": "The Fugitive", "year": 1993},
  {"title": "In the Name of the Father", "year": 1993},
  {"title": "Philadelphia", "year": 1993},

  {"title": "Unforgiven", "year": 1992},
  {"title": "A Few Good Men", "year": 1992},
  {"title": "The Last of the Mohicans", "year": 1992},
  {"title": "Basic Instinct", "year": 1992},
  {"title": "Reservoir Dogs", "year": 1992},
  {"title": "The Silence of the Lambs", "year": 1991},
  {"title": "Terminator 2: Judgment Day", "year": 1991},
  {"title": "Beauty and the Beast", "year": 1991},
  {"title": "JFK", "year": 1991},
  {"title": "Point Break", "year": 1991},
  {"title": "Goodfellas", "year": 1990},
  {"title": "Dances with Wolves", "year": 1990},
  {"title": "Ghost", "year": 1990},
  {"title": "Pretty Woman", "year": 1990},
  {"title": "Home Alone", "year": 1990},

  {"title": "Do the Right Thing", "year": 1989},
  {"title": "Dead Poets Society", "year": 1989},
  {"title": "Born on the Fourth of July", "year": 1989},
  {"title": "My Left Foot", "year": 1989},
  {"title": "When Harry Met Sally", "year": 1989},
  {"title": "Rain Man", "year": 1988},
  {"title": "Big", "year": 1988},
  {"title": "A Fish Called Wanda", "year": 1988},
  {"title": "Die Hard", "year": 1988},
  {"title": "Beetlejuice", "year": 1988},
  {"title": "The Last Emperor", "year": 1987},
  {"title": "Fatal Attraction", "year": 1987},
  {"title": "Wall Street", "year": 1987},
  {"title": "The Princess Bride", "year": 1987},
  {"title": "Good Morning, Vietnam", "year": 1987},

  {"title": "Platoon", "year": 1986},
  {"title": "Top Gun", "year": 1986},
  {"title": "Aliens", "year": 1986},
  {"title": "Ferris Bueller's Day Off", "year": 1986},
  {"title": "The Color of Money", "year": 1986},
  {"title": "Back to the Future", "year": 1985},
  {"title": "Out of Africa", "year": 1985},
  {"title": "The Breakfast Club", "year": 1985},
  {"title": "Witness", "year": 1985},
  {"title": "The Goonies", "year": 1985},
  {"title": "Amadeus", "year": 1984},
  {"title": "The Terminator", "year": 1984},
  {"title": "Ghostbusters", "year": 1984},
  {"title": "Indiana Jones and the Temple of Doom", "year": 1984},
  {"title": "The Karate Kid", "year": 1984},

  {"title": "Terms of Endearment", "year": 1983},
  {"title": "Scarface", "year": 1983},
  {"title": "WarGames", "year": 1983},
  {"title": "Flashdance", "year": 1983},
  {"title": "A Christmas Story", "year": 1983},
  {"title": "E.T. the Extra-Terrestrial", "year": 1982},
  {"title": "Gandhi", "year": 1982},
  {"title": "Blade Runner", "year": 1982},
  {"title": "Tootsie", "year": 1982},
  {"title": "Fast Times at Ridgemont High", "year": 1982},
  {"title": "Raiders of the Lost Ark", "year": 1981},
  {"title": "Chariots of Fire", "year": 1981},
  {"title": "On Golden Pond", "year": 1981},
  {"title": "Arthur", "year": 1981},
  {"title": "The French Lieutenant's Woman", "year": 1981},

  {"title": "Ordinary People", "year": 1980},
  {"title": "Raging Bull", "year": 1980},
  {"title": "The Empire Strikes Back", "year": 1980},
  {"title": "The Shining", "year": 1980},
  {"title": "Coal Miner's Daughter", "year": 1980}
]
